Country/Region,index,Rank_Variation,max_variation
China,1,2,0.709940103640891
Maldives,2,2,0.6153846153846154
South Korea,3,2,0.3352074966532798
Guyana,4,1,0.3333333333333333
Diamond Princess,5,0,0.08695652173913042
